Feature,RF
Fams Below Pov %,0.05428415270138433
Ppl (<150% Of Pov) %,0.03473297279806771
Ppl (Below Poverty) %,0.0338282690988132
% At Least Bachelor's Degree,0.30526131854863325
Median Fam Income (Scaled),0.18208699499569003
Median Household Income (Scaled),0.11750771904776054
Vast Majority Income (Scaled),0.11447185964900308
Language Isolation %,0.15782671316064797
